index,Customer Id,Name,Company,City,Country,Email,Subscription Date,Website,Phone 1,Phone 2,,
1,DD37Cf93aecA6Dc,Sheryl Baxter,Rasmussen Group,East Leonard,Chile,zunigavanessa@smith.info,8/24/20,http://www.stephenson.com/,229-077-5154,397-884-0519,,
2,1Ef7b82A4CAAD10,Preston Lozano,Vega-Gentry,East Jimmychester,Djibouti,vmata@colon.com,4/23/21,http://www.hobbs.com/,515-343-5776,686-620-1820,,
3,6F94879bDAfE5a6,Roy Berry,Murillo-Perry,Isabelborough,Antigua and Barbuda,beckycarr@hogan.com,3/25/20,http://www.lawrence.com/,-1199,496-978-3969,,
4,5Cef8BFA16c5e3c,Linda Olsen,"Dominguez, Mcmillan and Donovan",Bensonview,Dominican Republic,stanleyblackwell@benson.org,6/2/20,http://www.good-lyons.com/,808-617-6467,-9892,,
5,053d585Ab6b3159,Joanna Bender,"Martin, Lang and Andrade",West Priscilla,Slovakia (Slovak Republic),colinalvarado@miles.net,4/17/21,https://goodwin-ingram.com/,234-203-0635,199-446-3860,,
6,2d08FB17EE273F4,Aimee Downs,Steele Group,Chavezborough,Bosnia and Herzegovina,louis27@gilbert.com,2/25/20,http://www.berger.net/,283-437-3886,999-728-1637,,
7,EA4d384DfDbBf77,Darren Peck,"Lester, Woodard and Mitchell",Lake Ana,Pitcairn Islands,tgates@cantrell.com,8/24/21,https://www.le.com/,496-452-6181,-1475,,
8,0e04AFde9f225dE,Brett Mullen,"Sanford, Davenport and Giles",Kimport,Bulgaria,asnow@colon.com,4/12/21,https://hammond-ramsey.com/,583-352-7197,333-145-0369,,
9,C2dE4dEEc489ae0,Sheryl Meyers,Browning-Simon,Robersonstad,Cyprus,mariokhan@ryan-pope.org,1/13/20,https://www.bullock.net/,854-138-4911,-3633,,
10,8C2811a503C7c5a,Michelle Gallagher,Beck-Hendrix,Elaineberg,Timor-Leste,mdyer@escobar.net,11/8/21,https://arias.com/,739-218-2516,054-401-0347,,
11,216E205d6eBb815,Carl Schroeder,"Oconnell, Meza and Everett",Shannonville,Guernsey,kirksalas@webb.com,10/20/21,https://simmons-hurley.com/,637-854-0256,114-336-0784,,
12,CEDec94deE6d69B,Jenna Dodson,"Hoffman, Reed and Mcclain",East Andrea,Vietnam,mark42@robbins.com,11/29/20,http://www.douglas.net/,041-737-3846,-4928,,
13,e35426EbDEceaFF,Tracey Mata,Graham-Francis,South Joannamouth,Togo,alex56@walls.org,12/2/21,http://www.beck.com/,949-844-8787,855-713-8773,,
14,A08A8aF8BE9FaD4,Kristine Cox,Carpenter-Cook,Jodyberg,Sri Lanka,holdenmiranda@clarke.com,2/8/21,https://www.brandt.com/,786-284-3358,-2737,,
15,6fEaA1b7cab7B6C,Faith Lutz,Carter-Hancock,Burchbury,Singapore,cassieparrish@blevins-chapman.net,1/26/22,http://stevenson.org/,781-861-7180,207-185-3665,,
16,8cad0b4CBceaeec,Miranda Beasley,Singleton and Sons,Desireeshire,Oman,vduncan@parks-hardy.com,4/12/22,http://acosta.org/,540-085-3135,-7493,,
17,a5DC21AE3a21eaA,Caroline Foley,Winters-Mendoza,West Adriennestad,Western Sahara,holtgwendolyn@watson-davenport.com,3/10/21,http://www.benson-roth.com/,936-222-4746,469-948-6341,,
18,F8Aa9d6DfcBeeF8,Greg Mata,Valentine LLC,Lake Leslie,Mozambique,jaredjuarez@carroll.org,3/26/22,http://pitts-cherry.com/,701-087-2415,195-156-1861,,
19,F160f5Db3EfE973,Clifford Jacobson,Simon LLC,Harmonview,South Georgia and the South Sandwich Islands,joseph26@jacobson.com,9/24/20,https://mcconnell.com/,151-330-3524,748-477-7174,,
20,0F60FF3DdCd7aB0,Joanna Kirk,Mays-Mccormick,Jamesshire,French Polynesia,tuckerangie@salazar.net,9/24/21,https://www.camacho.net/,266-131-7001,283-312-5579,,
21,9F9AdB7B8A6f7F2,Maxwell Frye,Patterson Inc,East Carly,Malta,fgibson@drake-webb.com,1/12/22,http://www.roberts.com/,423-262-3059,202-880-0688,,
22,FBd0Ded4F02a742,Kiara Houston,"Manning, Hester and Arroyo",South Alvin,Netherlands,blanchardbob@wallace-shannon.com,9/15/20,https://www.reid-potts.com/,274-040-3582,-1675,,
23,2FB0FAA1d429421,Colleen Howard,Greer and Sons,Brittanyview,Paraguay,rsingleton@ryan-cherry.com,8/19/20,http://paul.biz/,193-508-5151,947-115-7711,,
24,010468dAA11382c,Janet Valenzuela,Watts-Donaldson,Veronicamouth,Lao People's Democratic Republic,stefanie71@spence.com,9/8/20,https://moreno.biz/,354-259-5062,500-433-2022,,
25,eC1927Ca84E033e,Shane Wilcox,Tucker LLC,Bryanville,Albania,mariah88@santos.com,4/6/21,https://www.ramos.com/,429-005-9030,541-116-4501,,
26,09D7D7C8Fe09aea,Marcus Moody,Giles Ltd,Kaitlyntown,Panama,donnamullins@norris-barrett.org,5/24/22,https://www.curry.com/,674-677-8623,909-277-5485,,
27,aBdfcF2c50b0bfD,Dakota Poole,Simmons Group,Michealshire,Belarus,stacey67@fields.org,2/20/22,https://sanford-wilcox.biz/,371-987-8576,071-152-1376,,
28,b92EBfdF8a3f0E6,Frederick Harper,"Hinton, Chaney and Stokes",South Marissatown,Switzerland,jacobkhan@bright.biz,5/26/22,https://callahan.org/,-1755,264-742-7149,,
29,3B5dAAFA41AFa22,Stefanie Fitzpatrick,Santana-Duran,Acevedoville,Saint Vincent and the Grenadines,wterrell#clark.com,7/30/20,https://meyers.com/,752-776-3286,-5306,,
30,EDA69ca7a6e96a2,Kent Bradshaw,Sawyer PLC,North Harold,Tanzania,qjimenez@boyd.com,4/26/20,http://maynard-ho.com/,-5651,126-922-6153,,
31,64DCcDFaB9DFd4e,Jack Tate,"Acosta, Petersen and Morrow",West Samuel,Zimbabwe,gfigueroa@boone-zavala.com,9/15/21,http://www.hawkins-ramsey.com/,965-108-4406,046-906-1442,,
32,679c6c83DD872d6,Tom Trujillo,Mcgee Group,Cunninghamborough,Denmark,tapiagreg@beard.info,1/13/22,http://www.daniels-klein.com/,416-338-3758,775-890-7209,,
33,7Ce381e4Afa4ba9,Gabriel Mejia,Adkins-Salinas,Port Annatown,Liechtenstein,coleolson@jennings.net,4/24/21,https://patel-hanson.info/,407-724-5425,646-044-0696,,
34,A09AEc6E3bF70eE,Kaitlyn Santana,Herrera Group,New Kaitlyn,United States of America,georgeross@miles.org,9/21/21,http://pham.com/,630-364-3286,447-710-6202,,
35,aA9BAFfBc3710fe,Faith Moon,"Waters, Chase and Aguilar",West Marthaburgh,Bahamas,willistonya@randolph-baker.com,11/3/21,https://spencer-charles.info/,-1161,-2419,,
36,E11dfb2DB8C9f72,Tammie Haley,"Palmer, Barnes and Houston",East Teresa,Belize,harrisisaiah@jenkins.com,1/4/22,http://evans-simon.com/,276-734-4113,430-300-8770,,
37,889eCf90f68c5Da,Nicholas Sosa,Jordan Ltd,South Hunter,Uruguay,fwolfe@dorsey.com,8/10/21,https://www.fleming-richards.com/,661-425-6042,975-998-1519,,
38,7a1Ee69F4fF4B4D,Jordan Gay,Glover and Sons,South Walter,Solomon Islands,tiffanydavies@harris-mcfarland.org,2/24/21,http://www.lee.org/,720-841-7020,803-533-6772,,
39,dca4f1D0A0fc5c9,Bruce Esparza,Huerta-Mclean,Poolefurt,Montenegro,preese@frye-vega.com,10/22/21,http://www.farley.org/,559-529-4424,625-000-7132,,
40,17aD8e2dB3df03D,Sherry Garza,Anderson Ltd,West John,Poland,ann48@miller.com,11/1/21,http://spence.com/,067-713-6440,978-289-8785,,
41,2f79Cd309624Abb,Natalie Gentry,Monroe PLC,West Darius,Dominican Republic,tcummings@fitzpatrick-ashley.com,10/10/20,http://www.dorsey.biz/,830-996-8238,499-122-5415,,
42,6e5ad5a5e2bB5Ca,Bryan Dunn,Kaufman and Sons,North Jimstad,Burkina Faso,woodwardandres@phelps.com,9/8/21,http://www.butler.com/,710-802-5565,078-699-8982,,
43,7E441b6B228DBcA,Wayne Simpson,Perkins-Trevino,East Rebekahborough,Bolivia,barbarapittman@holder.com,12/13/20,https://gillespie-holder.com/,344-156-8632,463-445-3702,,
44,D3fC11A9C235Dc6,Luis Greer,Cross PLC,North Drew,Bulgaria,bstuart@williamson-mcclure.com,5/15/22,https://fletcher-nielsen.com/,336-025-6849,684-698-2911,,
45,30Dfa48fe5Ede78,Rhonda Frost,"Herrera, Shepherd and Underwood",Lake Lindaburgh,Monaco,zkrueger@wolf-chavez.net,12/6/21,http://www.khan.com/,127-081-9339,-3795,,
46,fD780ED8dbEae7B,Joanne Montes,"Price, Sexton and Mcdaniel",Gwendolynview,Palau,juan80@henson.net,7/1/20,http://ochoa.com/,897-726-7952,467-886-9467,,
47,300A40d3ce24bBA,Geoffrey Guzman,Short-Wiggins,Zimmermanland,Uzbekistan,bauercrystal@gay.com,4/23/20,https://decker-kline.com/,975-235-8921,983-188-6873,,
48,283DFCD0Dba40aF,Gloria Mccall,"Brennan, Acosta and Ramos",North Kerriton,Ghana,bartlettjenna@zuniga-moss.biz,3/11/22,http://burgess-frank.com/,445-603-6729,395-959-4736,,
49,F4Fc91fEAEad286,Brady Cohen,Osborne-Erickson,North Eileenville,United Arab Emirates,mccalltyrone@durham-rose.biz,3/10/22,http://hammond-barron.com/,741-849-0139,-8215,,
50,80F33Fd2AcebF05,Latoya Mccann,"Hobbs, Garrett and Sanford",Port Sergiofort,Belarus,bobhammond@barry.biz,12/2/21,https://www.burton.com/,530-287-4548,162-234-0249,,
51,Aa20BDe68eAb0e9,Gerald Hawkins,"Phelps, Forbes and Koch",New Alberttown,Canada,uwarner@steele-arias.com,3/19/21,https://valenzuela.com/,-2017,092-508-0269,,
52,e898eEB1B9FE22b,Samuel Crawford,"May, Goodwin and Martin",South Jasmine,Algeria,xpittman@ritter-carney.net,3/27/21,https://guerrero.org/,802-242-7457,626-116-9535,,
53,faCEF517ae7D8eB,Patricia Goodwin,"Christian, Winters and Ellis",Cowanfort,Swaziland,vaughanchristy@lara.biz,3/8/21,http://clark.info/,322-549-7139,111-741-4173,,
54,c09952De6Cda8aA,Stacie Richard,Byrd Inc,New Deborah,Madagascar,clinton85@colon-arias.org,10/15/20,https://kim.com/,622-948-3641,731-168-2893,,
55,f3BEf3Be028166f,Robin West,"Nixon, Blackwell and Sosa",Wallstown,Ecuador,greenemiranda@zimmerman.com,1/13/22,https://www.mora.com/,698-303-4267,683-837-7651,,
56,C6F2Fc6a7948a4e,Ralph Haas,Montes PLC,Lake Ellenchester,Palestinian Territory,goodmancesar@figueroa.biz,5/25/20,http://may.com/,223-927-1999,962-434-0867,,
57,c8FE57cBBdCDcb2,Phyllis Maldonado,Costa PLC,Lake Whitney,Saint Barthelemy,yhanson@warner-diaz.org,1/25/21,http://www.bernard.com/,450-037-0767,508-064-6725,,
58,B5acdFC982124F2,Danny Parrish,Novak LLC,East Jaredbury,United Arab Emirates,howelldarren@house-cohen.com,3/17/21,http://www.parsons-hudson.com/,669-384-8597,506-731-5952,,
59,8c7DdF10798bCC3,Kathy Hill,"Moore, Mccoy and Glass",Selenabury,South Georgia and the South Sandwich Islands,ncamacho@boone-simmons.org,11/15/20,http://hayden.com/,171-716-2175,888-625-0654,,
60,C681dDd0cc422f7,Kelli Hardy,Petty Ltd,Huangfort,Sao Tome and Principe,kristopher62@oliver.com,12/20/20,http://www.kidd.com/,020-324-2191,424-157-8216,,
61,a940cE42e035F28,Lynn Pham,"Brennan, Camacho and Tapia",East Pennyshire,Portugal,mpham@rios-guzman.com,8/21/20,https://www.murphy.com/,846-468-6834,248-691-0006,,
62,9Cf5E6AFE0aeBfd,Shelley Harris,"Prince, Malone and Pugh",Port Jasminborough,Togo,zachary96@mitchell-bryant.org,12/10/20,https://www.ryan.com/,423-098-0315,-9787,,
63,aEcbe5365BbC67D,Eddie Jimenez,Caldwell Group,West Kristine,Ethiopia,kristiwhitney@bernard.com,3/24/22,http://cherry.com/,-1964,026-401-7353,,
64,FCBdfCEAe20A8Dc,Chloe Hutchinson,Simon LLC,South Julia,Netherlands,leah85@sutton-terrell.com,5/15/22,https://mitchell.info/,981-544-9452,-5505,,
65,636cBF0835E10ff,Eileen Lynch,"Knight, Abbott and Hubbard",Helenborough,Liberia,levigiles@vincent.com,1/2/21,http://mckay.com/,-5239,673-779-6713,,
66,fF1b6c9E8Fbf1ff,Fernando Lambert,Church-Banks,Lake Nancy,Lithuania,fisherlinda@schaefer.net,4/23/21,https://www.vang.com/,497-829-9038,386-374-3398,,
67,2A13F74EAa7DA6c,Makayla Cannon,Henderson Inc,Georgeport,New Caledonia,scottcurtis@hurley.biz,1/20/20,http://www.velazquez.net/,215-801-6392,027-609-6460,,
68,a014Ec1b9FccC1E,Tom Alvarado,Donaldson-Dougherty,South Sophiaberg,Kiribati,nicholsonnina@montgomery.info,8/18/20,http://odom-massey.com/,585-606-2980,730-797-3594,,
69,421a109cABDf5fa,Virginia Dudley,Warren Ltd,Hartbury,French Southern Territories,zvalencia@phelps.com,1/31/21,http://hunter-esparza.com/,027-846-3705,-2455,,
70,CC68FD1D3Bbbf22,Riley Good,Wade PLC,Erikaville,Canada,alex06@galloway.com,2/3/20,http://conway.org/,697-774-5822,855-436-7641,,
71,CBCd2Ac8E3eBDF9,Alexandria Buck,Keller-Coffey,Nicolasfort,Iran,lee48@manning.com,2/20/21,https://ramsey.org/,078-900-4760,414-112-8700,,
72,Ef859092FbEcC07,Richard Roth,Conway-Mcbride,New Jasmineshire,Morocco,aharper@maddox-townsend.org,2/23/20,https://www.brooks.com/,581-440-6539,985-782-7463,,
73,F560f2d3cDFb618,Candice Keller,Huynh and Sons,East Summerstad,Zimbabwe,buckleycory@odonnell.net,8/22/20,https://www.lucero.com/,927-965-8550,243-038-4271,,
74,A3F76Be153Df4a3,Anita Benson,Parrish Ltd,Skinnerport,Russian Federation,angie04@oconnell.com,2/9/20,http://oconnor.com/,874-617-5668,399-820-6418,,
75,D01Af0AF7cBbFeA,Regina Stein,Guzman-Brown,Raystad,Solomon Islands,zrosario@rojas-hardin.net,1/15/22,http://www.johnston.info/,469-848-0724,085-360-4426,,
76,d40e89dCade7b2F,Debra Riddle,"Chang, Aguirre and Leblanc",Colinhaven,United States Virgin Islands,shieldskerry@robles.com,7/11/20,http://kaiser.info/,-6963,303-961-4491,,
77,BF6a1f9bd1bf8DE,Brittany Zuniga,Mason-Hester,West Reginald,Kyrgyz Republic,mchandler@cochran-huerta.org,7/24/21,http://www.boyle.com/,050-136-9025,480-851-2496,,
78,FfaeFFbbbf280db,Cassidy Mcmahon,"Mcguire, Huynh and Hopkins",Lake Sherryborough,Myanmar,katrinalane@fitzgerald.com,10/21/20,https://hurst.com/,504-077-1311,684-682-0021,,
79,CbAE1d1e9a8dCb1,Laurie Pennington,"Sanchez, Marsh and Hale",Port Katherineville,Dominica,cookejill@powell.com,6/8/20,http://www.hebert.com/,007-155-3406,-7236,,
80,A7F85c1DE4dB87f,Alejandro Blair,"Combs, Waller and Durham",Thomasland,Iceland,elizabethbarr@ewing.com,9/19/20,https://mercado-blevins.com/,690-068-4641,555-509-8691,,
81,D6CEAfb3BDbaa1A,Leslie Jennings,Blankenship-Arias,Coreybury,Micronesia,corey75@wiggins.com,11/13/21,https://www.juarez.com/,629-198-6346,075-256-0829,,
82,Ebdb6F6F7c90b69,Kathleen Mckay,"Coffey, Lamb and Johnson",Lake Janiceton,Saint Vincent and the Grenadines,chloelester@higgins-wilkinson.com,9/12/21,http://www.owens-mooney.com/,733-910-9968,691-247-4128,,
83,E8E7e8Cfe516ef0,Hunter Moreno,Fitzpatrick-Lawrence,East Clinton,Isle of Man,isaac26@benton-finley.com,12/28/20,http://walls.info/,733-833-6754,761-013-7121,,
84,78C06E9b6B3DF20,Chad Davidson,Garcia-Jimenez,South Joshuashire,Oman,justinwalters@jimenez.com,11/15/21,http://www.garner-oliver.com/,827-570-2958,804-842-4715,,
85,03A1E62ADdeb31c,Corey Holt,"Mcdonald, Bird and Ramirez",New Glenda,Fiji,maurice46@morgan.com,2/18/22,http://www.watson.com/,439-242-4986,316-270-8934,,
86,C6763c99d0bd16D,Emma Cunningham,Stephens Inc,North Jillianview,New Zealand,walter83@juarez.org,5/13/22,http://www.reid.info/,128-059-0206,312-164-4545,,
87,ebe77E5Bf9476CE,Duane Woods,Montoya-Miller,Lyonsberg,Maldives,kmercer@wagner.com,7/21/20,http://murray.org/,636-544-7783,203-287-1003,,
88,E4Bbcd8AD81fC5f,Alison Vargas,"Vaughn, Watts and Leach",East Cristinabury,Benin,vcantu@norton.com,11/10/20,http://mason.info/,365-273-8144,053-308-7653,,
89,efeb73245CDf1fF,Vernon Kane,Carter-Strickland,Thomasfurt,Yemen,hilljesse@barrett.info,4/15/21,http://www.duffy-hensley.net/,114-854-1159,499-608-4612,,
90,37Ec4B395641c1E,Lori Flowers,Decker-Mcknight,North Joeburgh,Namibia,tyrone77@valenzuela.info,1/9/21,http://www.deleon-crosby.com/,679-415-1210,945-842-3659,,
91,5ef6d3eefdD43bE,Nina Chavez,Byrd-Campbell,Cassidychester,Bhutan,elliserica@frank.com,3/26/20,https://www.pugh.com/,053-344-3205,-6671,,
92,98b3aeDcC3B9FF3,Shane Foley,Rocha-Hart,South Dannymouth,Hungary,nsteele@sparks.com,7/6/21,https://www.holt-sparks.com/,-1692,626-114-5844,,
93,aAb6AFc7AfD0fF3,Collin Ayers,Lamb-Peterson,South Lonnie,Anguilla,dudleyemily@gonzales.biz,6/29/21,http://www.ruiz.com/,404-645-5351,257-582-8850,,
94,54B5B5Fe9F1B6C5,Sherry Young,"Lee, Lucero and Johnson",Frankchester,Solomon Islands,alan79@gates-mclaughlin.com,4/4/21,https://travis.net/,158-687-1764,438-375-6207,,
95,BE91A0bdcA49Bbc,Darrell Douglas,"Newton, Petersen and Mathis",Daisyborough,Mali,grayjean@lowery-good.com,2/17/22,https://banks.biz/,084-845-9524,769-564-6303,,
96,cb8E23e48d22Eae,Karl Greer,Carey LLC,East Richard,Guyana,hhart@jensen.com,1/30/22,http://hayes-perez.com/,188-169-1674,841-293-3519,,
97,CeD220bdAaCfaDf,Lynn Atkinson,"Ware, Burns and Oneal",New Bradview,Sri Lanka,vkemp@ferrell.com,7/10/21,https://novak-allison.com/,-3769,605-413-3198,,
98,28CDbC0dFe4b1Db,Fred Guerra,Schmitt-Jones,Ortegaland,Solomon Islands,swagner@kane.org,9/18/21,https://www.ross.com/,-9238,-8804,,
99,c23d1D9EE8DEB0A,Yvonne Farmer,Fitzgerald-Harrell,Lake Elijahview,Aruba,mccarthystephen@horn-green.biz,8/11/21,http://watkins.info/,530-311-9786,869-452-0943,,
100,2354a0E336A91A1,Clarence Haynes,"Le, Nash and Cross",Judymouth,Honduras,colleen91@faulkner.biz,3/11/20,http://www.hatfield-saunders.net/,753-813-6941,783-639-1472,,
101,2cc705170009214,Abbas Sakaguchi,Shannon-Harmon,North York,Canada,sakaguchiabbas@email.com,3/27/21,https://curtis-archer.info/,991-312-0859,447-581-1695,,
102,b06e72c70006a0f,Richard Dorion,Wilkinson Inc,Montreal,Canada,dorionrichard@email.com,3/1/21,https://barr.org/,-11069,-3308,,
103,0a54b9a600004b4,Sanjay Gougeon,Reed-Duffy,Montreal,Canada,gougeonsanjay@email.com,11/9/20,https://chaney.info/,855-331-5303,007-978-8023,,
104,d991ffa6000bc6d,Mohamed Wright,"Haynes, Combs and Murillo",Cambridge,Canada,wrightmohamed@email.com,5/31/21,https://www.moore.com/,-11458,855-438-3570,,
105,2c22ac3f000cd7a,Marian Roman,Ballard-Wagner,Cambridge,Canada,romanmarian@email.com,5/31/21,https://myers.org/,200-514-1049,664-086-6720,,
106,bc1710090008f03,Qasim McDiarmid,Craig-Terrell,Cumberland,Canada,mcdiarmidqasim@email.com,12/11/20,https://www.kelly.com/,697-793-1252,715-480-1272,,
107,287a4c11000eadd,Anthony Ouellet,Parker-Silva,Mont-Royal,Canada,ouelletanthony@email.com,11/16/21,https://www.park.com/,423-840-8414,-9159,,
108,4ba1257c000c6e2,Bill Luehof,Morgan LLC,North York,Canada,luehofbill@email.com,5/31/21,https://waller.com/,099-650-6578,938-824-8764,,
109,3f88aa640002bcb,Tony Allaire,"Allison, Ward and Lynn",St Bonaventure,Canada,allairetony@email.com,3/31/21,https://www.sanford.info/,462-834-1009,-7541,,
110,a5938fac000b5db,Luc Kither,"Andersen, Gaines and Norman",ARMADALE,Australia,kitherluc@email.com,11/30/21,https://ellison-cobb.com/,121-069-7901,012-717-5375,,
111,edc07b1d0006458,Christian Allison,"Marshall, Warren and Holloway",Oakville,Canada,allisonchristian@email.com,4/5/21,https://gonzales.com/,769-024-8085,959-534-1765,,
112,41b497190001131,Ioan Foo,Estes Ltd,Singapore 548241,Singapore,fooioan@email.com,12/31/20,https://lester.net/,077-521-8857,491-663-4316,,
113,65189b53000adeb,Mohammed Rasko,Fuller Ltd,Edmonton,Canada,raskomohammed@email.com,8/17/21,https://hardin.net/,338-335-9171,-4123,,
114,b7c8b8540000235,Henry Johnston,"Werner, Best and Hurley",Guelph,Canada,johnstonhenry@email.com,3/6/21,https://bartlett.com/,017-947-6945,952-225-1045,,
115,d1950f8200045d7,Maureen Fleming,"Rogers, Boyle and Farmer",Calgary,Canada,flemingmaureen@email.com,7/29/21,https://stephens.net/,815-925-7175,616-615-9255,,
116,96ec465d00009d8,Michael Tseng,Gonzalez-Hurley,Hsin-Chu 300,Taiwan,tsengmichael@email.com,12/8/21,https://www.mayo.com/,-5936,296-634-2399,,
117,62d0e6110007125,Michael Longley,Johnson Ltd,Newmarket,Canada,longleymichael@email.com,10/31/21,https://wood.org/,156-633-3743,549-475-9969,,
118,932ffaa90009782,Adil Frank,Dougherty LLC,D-97502 Euerbach,Germany,frankadil@email.com,4/24/21,https://www.goodman.com/,603-991-6573,566-074-0373,,
119,78be02e60006974,Vanel Arbuthnot,Lamb LLC,Toronto,Canada,arbuthnotvanel@email.com,11/10/20,https://www.mills.com/,627-385-1633,118-872-5638,,
120,2eaf7c8e000ab7c,Lee Blackwell,Osborne Ltd,Ottawa,Canada,blackwelllee@email.com,12/3/20,https://perkins.net/,046-751-3833,323-710-2957,,
121,03c723db000a7df,Tania Green,Price-Benton,Brockville,Canada,greentania@email.com,12/31/21,https://www.jenkins-harrison.net/,785-672-9623,350-407-8640,,
122,603848b30009094,Ron Dickinson,"Reynolds, Curtis and Lamb",300191 Tianjin,China,dickinsonron@email.com,8/2/21,https://gallagher-ellison.biz/,928-124-3993,999-745-4235,,
123,d05f4140000bd0a,Elizabeth Townsend,Horne and Sons,Surrey,Canada,townsendelizabeth@email.com,5/31/21,https://knapp-mcpherson.com/,110-119-5793,564-069-5663,,
124,990c6d98000697a,Danielle Soong,"Kaufman, Rangel and Beck",Thornhill,Canada,soongdanielle@email.com,9/30/21,https://humphrey.com/,319-180-7553,070-231-7216,,
125,84171e6b0007ad7,Richard Boswell,Vega Ltd,Sandton,South Africa,boswellrichard@email.com,4/30/21,https://kent.biz/,451-227-6682,624-936-0823,,
126,291883020002c5d,Donald Maille,Blankenship Group,Montreal,Canada,mailledonald@email.com,6/28/21,https://www.pacheco-hodges.org/,297-402-3698,385-207-6147,,
127,3e8516d60002dad,Jean-Marc Bowers,Colon-Drake,Walkerton,Canada,bowersjean-marc@email.com,9/30/21,https://www.serrano-lang.biz/,918-645-0324,196-586-9447,,
128,b9a32806000ca39,Peter Roberge,Rollins Ltd,Pointe-Claire,Canada,robergepeter@email.com,6/30/21,https://www.soto-rocha.com/,659-811-0503,830-120-2630,,
129,7af618fd00074d6,Ferdinando Newton,"Malone, Rowland and Bullock",Roseneath,Canada,newtonferdinando@email.com,7/17/21,https://guerrero-horne.com/,603-418-3398,489-980-5927,,
130,81e7f39200025ab,Peter Cornelissen,Townsend-Weber,London,Canada,cornelissenpeter@email.com,11/16/21,https://mcintosh-bishop.com/,479-559-6654,834-594-5128,,
131,b9cc59a70008236,Shellie Beaudoin,Spears LLC,Boucherville,Canada,beaudoinshellie@email.com,12/15/20,https://www.underwood.com/,-7623,273-443-5672,,
132,3e15b37c0002705,Srikanth Cowan,Holmes-Walls,Toronto,Canada,cowansrikanth@email.com,12/18/21,https://www.dean.biz/,575-959-4454,913-040-5595,,
133,121c3a70000851d,Roger Companys,Huynh-Phillips,08029 Barcelona,Spain,companysroger@email.com,5/31/21,https://www.dalton.com/,397-504-3967,400-296-8618,,
134,8960f7fd0004967,Don Gloutnay,Cohen-Henderson,La Prairie,Canada,gloutnaydon@email.com,10/31/21,https://lynn.com/,870-417-5661,793-402-5061,,
135,b7edbad50006041,Mohammed Tardi,Bowen Inc,Coquitlam,Canada,tardimohammed@email.com,9/19/21,https://brown.biz/,366-661-5271,785-359-4718,,
136,eca84391000b6f2,Michael Alonso,"Hogan, Rice and Roy",28036 MADRID,Spain,alonsomichael@email.com,3/13/21,https://www.cooke.com/,380-617-7801,114-259-4382,,
137,bb89b3520000a92,Charles Legentil,Farrell-Bryan,Saint-Laurent,Canada,legentilcharles@email.com,6/30/21,https://zamora-ross.org/,061-967-9081,-3470,,
138,a776070d0003bf0,Gordon Fielenbach,Boyer-Hart,D-79713 Bad Saeckingen,Germany,fielenbachgordon@email.com,6/30/21,https://estes.com/,079-417-9763,-9967,,
139,1f5a50c3000447b,Robert Verwoerd,Glover-Roberts,6644 AZ Ewijk,Netherlands,verwoerdrobert@email.com,3/14/21,https://www.anthony-davis.info/,236-969-0967,632-797-8496,,
140,cc9ccfe7000dfc6,J Clark Bruns,Mckenzie-Simon,Cambridge,Canada,brunsj clark@email.com,5/31/21,https://www.barry.com/,504-650-1379,471-229-8657,,
141,723127b00008841,Eriks Desbiens,"Booker, Castillo and Beck",Chateauguay,Canada,desbienseriks@email.com,3/31/21,https://www.gutierrez.com/,996-187-8214,052-968-8180,,
142,cada79690002dd8,Bernard Landry,Mercer-Booth,Montreal,Canada,landrybernard@email.com,6/30/21,https://www.wyatt.com/,907-325-7885,762-711-5467,,
143,575527440076000,Claude Murphy,Thompson-Fritz,Mississauga,Canada,murphyclaude@email.com,1/31/21,https://www.velasquez-white.org/,499-678-2793,516-823-2327,,
144,0fe1fced000c29d,Luc L'Abbe,"Fleming, Zamora and Graham",Laval,Canada,labbeluc@email.com,10/1/21,https://www.owen.org/,333-046-0351,-1988,,
145,ae8fef76000da88,Jan Bickle,Tanner-Richards,Ajax,Canada,bicklejan@email.com,10/31/21,https://www.richard-horne.biz/,678-518-4984,875-641-0333,,
146,19bfd62a0008388,Allen Gravel,Navarro-Payne,Montreal,Canada,gravelallen@email.com,5/14/21,https://www.matthews-ware.com/,662-590-1788,143-161-4985,,
147,801d42ad000002f,Wally Beaudoin,Conrad-Hanson,Saint-Laurent,Canada,beaudoinwally@email.com,2/17/21,https://www.donaldson-vega.com/,815-244-2002,621-270-9355,,
148,adfafeb70000c5c,John Livingstone,Bernard and Sons,Kentville,Canada,livingstonejohn@email.com,8/22/21,https://www.barron.com/,256-921-9316,530-747-6571,,
149,a8fe3e610005c05,Geoff Dusome,"Rodgers, Bullock and Daniels",Winnipeg,Canada,dusomegeoff@email.com,10/31/21,https://colon.com/,159-547-6407,166-934-2168,,
150,b9977ae20003db1,Roshni Sauter Miller,"Schaefer, Hobbs and Wells",1000 San Jose,Costa Rica,sauter millerroshni@email.com,10/30/21,https://fritz-alexander.org/,912-173-7608,126-581-3225,,
151,58c4fe360007910,David Silva,Blackwell-Randall,6219 NT MAASSTRICHT,Netherlands,silvadavid@email.com,10/31/21,https://randolph-kane.biz/,396-483-1471,-7165,,
152,4db3b719000ced4,Brian Bergkamp,Perry and Sons,5685 BC BEST,Netherlands,bergkampbrian@email.com,7/24/21,https://murray.com/,241-537-5263,-4117,,
153,2336ce53000fdf2,Dean Daamen,"Fleming, Johns and Morrow",3823 DP AMERSFOORT,Netherlands,daamendean@email.com,7/15/21,https://www.lin-flowers.com/,807-797-8740,005-389-4368,,
154,3fc078fd000e518,Lester Bechte,Ingram-Murphy,30459 Hannover,Germany,bechtelester@email.com,12/15/20,https://booth.com/,159-731-3544,752-880-9590,,
155,ee8a6e4c000638e,Reinaldo Meyers,"Parsons, Kerr and Robbins",Dhahran,Saudi Arabia,meyersreinaldo@email.com,9/19/21,https://www.austin.com/,020-378-7777,551-426-3999,,
156,b0f214960007667,Linda Peddie-Vasquez,"Ali, Woodward and Woodard",Orangeville,Canada,peddie-vasquezlinda@email.com,2/27/21,https://www.ayers-jensen.com/,776-325-2657,793-131-4867,,
157,4d2c14680008947,Leigh Remecki,"Galloway, Owen and Ibarra",Mirabel,Canada,remeckileigh@email.com,5/31/21,https://castillo.com/,981-851-6829,443-349-2802,,
158,25e3ea61000efdf,Cornelis Wesenberg,Zamora and Sons,Ottawa,Canada,wesenbergcornelis@email.com,11/30/20,https://moon-parsons.com/,578-124-7689,069-988-0883,,
159,bd3634c7000d868,Alan Kaufman,Francis-Kline,Kitchener,Canada,kaufmanalan@email.com,1/8/21,https://hooper-humphrey.com/,773-187-1234,070-346-3476,,
160,899e6dfb0003beb,John Enns,Jones and Sons,Calgary,Canada,ennsjohn@email.com,4/24/21,https://www.waller.com/,219-079-3350,659-301-1825,,
161,d8e0738100000bc,Haruki Myers,Montoya PLC,Mississauga,Canada,myersharuki@email.com,6/30/21,https://www.rosario.com/,795-178-9635,470-901-6154,,
162,d4b643eb000cf50,Phillipe Homburg,Pugh-Odom,4002 GB TIEL,Netherlands,homburgphillipe@email.com,5/16/21,https://lawrence.biz/,803-568-5156,534-578-6289,,
163,ad582a5e0009f1a,Donald Ulmer,Rhodes-Carter,Kanata,Canada,ulmerdonald@email.com,1/4/21,https://kirk.org/,575-649-9602,749-695-2828,,
164,61613c2700057a9,Andre Alarie,Estrada-Atkins,Saint-Romuald,Canada,alarieandre@email.com,10/10/21,https://www.boone.com/,797-490-4550,930-650-3473,,
165,abd1a3b70005ecf,Ellen Francis,Chan Ltd,Burnaby,Canada,francisellen@email.com,11/30/21,https://www.hess.net/,174-469-3483,603-374-1226,,
166,5b7f4d4b0001b60,Ramon Drolet,Harrell PLC,Saint-Francois-de-la-Rivere-du-Sud,Canada,droletramon@email.com,1/27/21,https://frazier-stephenson.org/,073-458-6092,943-404-0481,,
167,b93e17cc0000c93,Pierre Belley,Mayer PLC,Montreal,Canada,belleypierre@email.com,4/30/21,https://nixon.com/,220-915-3707,760-365-3897,,
168,a4a3bdf000012c3,Ron Zimmermann,"Bautista, Blevins and Joyce",Chateauguay,Canada,zimmermannron@email.com,8/26/21,https://bean.net/,134-470-3456,-8151,,
169,9a55087c0006dd2,Francisco Aaram,Mercer and Sons,1346 GJETTUM,Norway,aaramfrancisco@email.com,1/31/21,https://www.nixon.com/,337-643-5663,182-859-7395,,
170,fad825500008ac9,Bruce Broker,Cardenas-Carney,5627 HC Eindhoven,Netherlands,brokerbruce@email.com,3/14/21,https://blackwell-stout.net/,437-970-3543,-8347,,
171,e4233650000f736,Garry Mercure,Garrett-Gallagher,Pierrefond,Canada,mercuregarry@email.com,3/1/21,https://www.ruiz.com/,408-278-0968,526-729-4712,,
172,1f95f34900047aa,Howard Paquin,"Keith, Howard and Hawkins",Ottawa,Canada,paquinhoward@email.com,6/12/21,https://www.livingston.com/,156-363-2974,101-514-2162,,
173,800678590007a7f,Hamid Hoon,Huber-Castro,SINGAPORE,Singapore,hoonhamid@email.com,6/28/21,https://www.atkinson.net/,632-700-4999,375-954-4398,,
174,ba8b85d50008235,Marie Cook,Rose Ltd,Vancouver,Canada,cookmarie@email.com,4/30/21,https://www.glover.org/,499-415-9248,-8133,,
175,ab32a3dc0001429,Robert Faccone,Gentry-Waters,Dorval,Canada,facconerobert@email.com,6/30/21,https://jimenez.net/,894-188-0945,819-808-7937,,
176,82e77f890002d02,Dave Wadsworth,Fisher PLC,Toronto,Canada,wadsworthdave@email.com,10/22/21,https://coffey.net/,744-078-1419,463-492-5230,,
177,ced2dd4a000aa04,Ross Di Mario,"Thompson, Sellers and Lloyd",Stittsville,Canada,di marioross@email.com,4/30/21,https://fernandez.com/,-5013,467-716-8716,,
178,d27bde4c000d511,John Hickey,"Rice, Gould and Mccall",Port Colborne,Canada,hickeyjohn@email.com,10/31/21,https://www.phillips.info/,468-269-4682,655-716-4940,,
179,8cafd50e000955c,Wilhelm Shipley,Cordova Group,Elmira,Canada,shipleywilhelm@email.com,11/17/21,https://www.jenkins-krueger.info/,725-960-3587,611-044-7130,,
180,57ee07c0000dfca,David Desjardins,Kramer-Parsons,Mont-Royal,Canada,desjardinsdavid@email.com,3/19/21,https://www.carr.org/,836-038-9393,691-674-8671,,
181,6b8011b70009df9,Brent McAllister,Rice LLC,Niagara Falls,Canada,mcallisterbrent@email.com,3/2/21,https://monroe.info/,841-483-3064,274-619-0114,,