Index,CustomerId,Customer ID Length,First Name,Last Name,Name,Company,City,Country,Phone 1,Phone 2,Missing Phone,Email,Subscription Date,Website,Subscriptions After 2022
1,CbAE1d1e9a8dCb1,15,Laurie,Pennington,Laurie Pennington,"Sanchez, Marsh and Hale",Port Katherineville,Dominica,229-077-5154,809-862-5566,FALSE,cookejill@powell.com,6/8/2020,http://www.hebert.com/,20
2,C681dDd0cc422f7,15,Kelli,Hardy,Kelli Hardy,Petty Ltd,Huangfort,Sao Tome and Principe,515-343-5776,424-157-8216,FALSE,kristopher62@oliver.com,12/20/2020,http://www.kidd.com/,
3,421a109cABDf5fa,15,Virginia,Dudley,Virginia Dudley,Warren Ltd,Hartbury,French Southern Territories,,439-171-1846,TRUE,zvalencia@phelps.com,1/31/2021,http://hunter-esparza.com/,
4,CEDec94deE6d69B,15,Jenna,Dodson,Jenna Dodson,"Hoffman, Reed and Mcclain",East Andrea,Vietnam,808-617-6467,556-888-3485,FALSE,mark42@robbins.com,11/29/2020,http://www.douglas.net/,
5,BF6a1f9bd1bf8DE,15,Brittany,Zuniga,Brittany Zuniga,Mason-Hester,West Reginald,Kyrgyz Republic,234-203-0635,480-851-2496,FALSE,mchandler@cochran-huerta.org,7/24/2021,http://www.boyle.com/,
6,5ef6d3eefdD43bE,15,Nina,Chavez,Nina Chavez,Byrd-Campbell,Cassidychester,Bhutan,283-437-3886,330-920-5422,FALSE,elliserica@frank.com,3/26/2020,https://www.pugh.com/,
7,17aD8e2dB3df03D,15,Sherry,Garza,Sherry Garza,Anderson Ltd,West John,Poland,496-452-6181,978-289-8785,FALSE,ann48@miller.com,11/1/2021,http://spence.com/,
8,CBCd2Ac8E3eBDF9,15,Alexandria,Buck,Alexandria Buck,Keller-Coffey,Nicolasfort,Iran,583-352-7197,414-112-8700,FALSE,lee48@manning.com,2/20/2021,https://ramsey.org/,
9,BE91A0bdcA49Bbc,15,Darrell,Douglas,Darrell Douglas,"Newton, Petersen and Mathis",Daisyborough,Mali,854-138-4911,769-564-6303,FALSE,grayjean@lowery-good.com,2/17/2022,https://banks.biz/,
10,efeb73245CDf1fF,15,Vernon,Kane,Vernon Kane,Carter-Strickland,Thomasfurt,Yemen,739-218-2516,499-608-4612,FALSE,hilljesse@barrett.info,4/15/2021,http://www.duffy-hensley.net/,
11,30Dfa48fe5Ede78,15,Rhonda,Frost,Rhonda Frost,"Herrera, Shepherd and Underwood",Lake Lindaburgh,Monaco,637-854-0256,431-028-3337,FALSE,zkrueger@wolf-chavez.net,12/6/2021,http://www.khan.com/,
12,C6763c99d0bd16D,15,Emma,Cunningham,Emma Cunningham,Stephens Inc,North Jillianview,New Zealand,041-737-3846,312-164-4545,FALSE,walter83@juarez.org,5/13/2022,http://www.reid.info/,
13,F160f5Db3EfE973,15,Clifford,Jacobson,Clifford Jacobson,Simon LLC,Harmonview,South Georgia and the South Sandwich Islands,949-844-8787,748-477-7174,FALSE,joseph26@jacobson.com,9/24/2020,https://mcconnell.com/,
14,54B5B5Fe9F1B6C5,15,Sherry,Young,Sherry Young,"Lee, Lucero and Johnson",Frankchester,Solomon Islands,786-284-3358,438-375-6207,FALSE,alan79@gates-mclaughlin.com,4/4/2021,https://travis.net/,
15,8c7DdF10798bCC3,15,Kathy,Hill,Kathy Hill,"Moore, Mccoy and Glass",Selenabury,South Georgia and the South Sandwich Islands,781-861-7180,888-625-0654,FALSE,ncamacho@boone-simmons.org,11/15/2020,http://hayden.com/,
16,cb8E23e48d22Eae,15,Karl,Greer,Karl Greer,Carey LLC,East Richard,Guyana,540-085-3135,841-293-3519,FALSE,hhart@jensen.com,1/30/2022,http://hayes-perez.com/,
17,2FB0FAA1d429421,15,Colleen,Howard,Colleen Howard,Greer and Sons,Brittanyview,Paraguay,936-222-4746,947-115-7711,FALSE,rsingleton@ryan-cherry.com,8/19/2020,http://paul.biz/,
18,2A13F74EAa7DA6c,15,Makayla,Cannon,Makayla Cannon,Henderson Inc,Georgeport,New Caledonia,701-087-2415,027-609-6460,FALSE,scottcurtis@hurley.biz,1/20/2020,http://www.velazquez.net/,
19,C6F2Fc6a7948a4e,15,Ralph,Haas,Ralph Haas,Montes PLC,Lake Ellenchester,Palestinian Territory,151-330-3524,962-434-0867,FALSE,goodmancesar@figueroa.biz,5/25/2020,http://may.com/,
20,DD37Cf93aecA6Dc,15,Sheryl,Baxter,Sheryl Baxter,Rasmussen Group,East Leonard,Chile,266-131-7001,397-884-0519,FALSE,zunigavanessa@smith.info,8/24/2020,http://www.stephenson.com/,
21,053d585Ab6b3159,15,Joanna,Bender,Joanna Bender,"Martin, Lang and Andrade",West Priscilla,Slovakia (Slovak Republic),423-262-3059,199-446-3860,FALSE,colinalvarado@miles.net,4/17/2021,https://goodwin-ingram.com/,
22,0F60FF3DdCd7aB0,15,Joanna,Kirk,Joanna Kirk,Mays-Mccormick,Jamesshire,French Polynesia,274-040-3582,283-312-5579,FALSE,tuckerangie@salazar.net,9/24/2021,https://www.camacho.net/,
23,FBd0Ded4F02a742,15,Kiara,Houston,Kiara Houston,"Manning, Hester and Arroyo",South Alvin,Netherlands,193-508-5151,528-175-0973,FALSE,blanchardbob@wallace-shannon.com,9/15/2020,https://www.reid-potts.com/,
24,E11dfb2DB8C9f72,15,Tammie,Haley,Tammie Haley,"Palmer, Barnes and Houston",East Teresa,Belize,354-259-5062,430-300-8770,FALSE,harrisisaiah@jenkins.com,1/4/2022,http://evans-simon.com/,
25,2d08FB17EE273F4,15,Aimee,Downs,Aimee Downs,Steele Group,Chavezborough,Bosnia and Herzegovina,429-005-9030,999-728-1637,FALSE,louis27@gilbert.com,2/25/2020,http://www.berger.net/,
26,faCEF517ae7D8eB,15,Patricia,Goodwin,Patricia Goodwin,"Christian, Winters and Ellis",Cowanfort,Swaziland,674-677-8623,111-741-4173,FALSE,vaughanchristy@lara.biz,3/8/2021,http://clark.info/,
27,D3fC11A9C235Dc6,15,Luis,Greer,Luis Greer,Cross PLC,North Drew,Bulgaria,371-987-8576,684-698-2911,FALSE,bstuart@williamson-mcclure.com,5/15/2022,https://fletcher-nielsen.com/,
28,7E441b6B228DBcA,15,Wayne,Simpson,Wayne Simpson,Perkins-Trevino,East Rebekahborough,Bolivia,077-121-1558,463-445-3702,FALSE,barbarapittman@holder.com,12/13/2020,https://gillespie-holder.com/,
29,010468dAA11382c,15,Janet,Valenzuela,Janet Valenzuela,Watts-Donaldson,Veronicamouth,Lao People's Democratic Republic,739-218-2516,500-433-2022,FALSE,stefanie71@spence.com,9/8/2020,https://moreno.biz/,
30,E4Bbcd8AD81fC5f,15,Alison,Vargas,Alison Vargas,"Vaughn, Watts and Leach",East Cristinabury,Benin,752-776-3286,053-308-7653,FALSE,vcantu@norton.com,11/10/2020,http://mason.info/,
31,aBdfcF2c50b0bfD,15,Dakota,Poole,Dakota Poole,Simmons Group,Michealshire,Belarus,472-143-5037,071-152-1376,FALSE,stacey67@fields.org,2/20/2022,https://sanford-wilcox.biz/,
32,aAb6AFc7AfD0fF3,15,Collin,Ayers,Collin Ayers,Lamb-Peterson,South Lonnie,Anguilla,965-108-4406,257-582-8850,FALSE,dudleyemily@gonzales.biz,6/29/2021,http://www.ruiz.com/,
33,7Ce381e4Afa4ba9,15,Gabriel,Mejia,Gabriel Mejia,Adkins-Salinas,Port Annatown,Liechtenstein,416-338-3758,646-044-0696,FALSE,coleolson@jennings.net,4/24/2021,https://patel-hanson.info/,
34,679c6c83DD872d6,15,Tom,Trujillo,Tom Trujillo,Mcgee Group,Cunninghamborough,Denmark,407-724-5425,775-890-7209,FALSE,tapiagreg@beard.info,1/13/2022,http://www.daniels-klein.com/,
35,9Cf5E6AFE0aeBfd,15,Shelley,Harris,Shelley Harris,"Prince, Malone and Pugh",Port Jasminborough,Togo,630-364-3286,386-458-8944,FALSE,zachary96@mitchell-bryant.org,12/10/2020,https://www.ryan.com/,
36,9F9AdB7B8A6f7F2,15,Maxwell,Frye,Maxwell Frye,Patterson Inc,East Carly,Malta,586-217-0359,202-880-0688,FALSE,fgibson@drake-webb.com,1/12/2022,http://www.roberts.com/,
37,eC1927Ca84E033e,15,Shane,Wilcox,Shane Wilcox,Tucker LLC,Bryanville,Albania,276-734-4113,541-116-4501,FALSE,mariah88@santos.com,4/6/2021,https://www.ramos.com/,
38,03A1E62ADdeb31c,15,Corey,Holt,Corey Holt,"Mcdonald, Bird and Ramirez",New Glenda,Fiji,661-425-6042,316-270-8934,FALSE,maurice46@morgan.com,2/18/2022,http://www.watson.com/,
39,283DFCD0Dba40aF,15,Gloria,Mccall,Gloria Mccall,"Brennan, Acosta and Ramos",North Kerriton,Ghana,720-841-7020,395-959-4736,FALSE,bartlettjenna@zuniga-moss.biz,3/11/2022,http://burgess-frank.com/,
40,c8FE57cBBdCDcb2,15,Phyllis,Maldonado,Phyllis Maldonado,Costa PLC,Lake Whitney,Saint Barthelemy,559-529-4424,508-064-6725,FALSE,yhanson@warner-diaz.org,1/25/2021,http://www.bernard.com/,
41,D01Af0AF7cBbFeA,15,Regina,Stein,Regina Stein,Guzman-Brown,Raystad,Solomon Islands,067-713-6440,085-360-4426,FALSE,zrosario@rojas-hardin.net,1/15/2022,http://www.johnston.info/,
42,EA4d384DfDbBf77,15,Darren,Peck,Darren Peck,"Lester, Woodard and Mitchell",Lake Ana,Pitcairn Islands,830-996-8238,247-266-0963,FALSE,tgates@cantrell.com,8/24/2021,https://www.le.com/,
43,fF1b6c9E8Fbf1ff,15,Fernando,Lambert,Fernando Lambert,Church-Banks,Lake Nancy,Lithuania,710-802-5565,386-374-3398,FALSE,fisherlinda@schaefer.net,4/23/2021,https://www.vang.com/,
44,FfaeFFbbbf280db,15,Cassidy,Mcmahon,Cassidy Mcmahon,"Mcguire, Huynh and Hopkins",Lake Sherryborough,Myanmar,344-156-8632,684-682-0021,FALSE,katrinalane@fitzgerald.com,10/21/2020,https://hurst.com/,
45,1Ef7b82A4CAAD10,15,Preston,Lozano,Preston Lozano,Vega-Gentry,East Jimmychester,Djibouti,336-025-6849,686-620-1820,FALSE,vmata@colon.com,4/23/2021,http://www.hobbs.com/,
46,80F33Fd2AcebF05,15,Latoya,Mccann,Latoya Mccann,"Hobbs, Garrett and Sanford",Port Sergiofort,Belarus,127-081-9339,162-234-0249,FALSE,bobhammond@barry.biz,12/2/2021,https://www.burton.com/,
47,c23d1D9EE8DEB0A,15,Yvonne,Farmer,Yvonne Farmer,Fitzgerald-Harrell,Lake Elijahview,Aruba,897-726-7952,869-452-0943,FALSE,mccarthystephen@horn-green.biz,8/11/2021,http://watkins.info/,
48,8cad0b4CBceaeec,15,Miranda,Beasley,Miranda Beasley,Singleton and Sons,Desireeshire,Oman,975-235-8921,600-462-6432,FALSE,vduncan@parks-hardy.com,4/12/2022,http://acosta.org/,
49,dca4f1D0A0fc5c9,15,Bruce,Esparza,Bruce Esparza,Huerta-Mclean,Poolefurt,Montenegro,445-603-6729,625-000-7132,FALSE,preese@frye-vega.com,10/22/2021,http://www.farley.org/,
50,Ef859092FbEcC07,15,Richard,Roth,Richard Roth,Conway-Mcbride,New Jasmineshire,Morocco,741-849-0139,985-782-7463,FALSE,aharper@maddox-townsend.org,2/23/2020,https://www.brooks.com/,
51,0e04AFde9f225dE,15,Brett,Mullen,Brett Mullen,"Sanford, Davenport and Giles",Kimport,Bulgaria,530-287-4548,333-145-0369,FALSE,asnow@colon.com,4/12/2021,https://hammond-ramsey.com/,
52,a014Ec1b9FccC1E,15,Tom,Alvarado,Tom Alvarado,Donaldson-Dougherty,South Sophiaberg,Kiribati,323-239-1456,730-797-3594,FALSE,nicholsonnina@montgomery.info,8/18/2020,http://odom-massey.com/,
53,c09952De6Cda8aA,15,Stacie,Richard,Stacie Richard,Byrd Inc,New Deborah,Madagascar,802-242-7457,731-168-2893,FALSE,clinton85@colon-arias.org,10/15/2020,https://kim.com/,
54,D6CEAfb3BDbaa1A,15,Leslie,Jennings,Leslie Jennings,Blankenship-Arias,Coreybury,Micronesia,322-549-7139,075-256-0829,FALSE,corey75@wiggins.com,11/13/2021,https://www.juarez.com/,
55,A09AEc6E3bF70eE,15,Kaitlyn,Santana,Kaitlyn Santana,Herrera Group,New Kaitlyn,United States of America,622-948-3641,447-710-6202,FALSE,georgeross@miles.org,9/21/2021,http://pham.com/,
56,ebe77E5Bf9476CE,15,Duane,Woods,Duane Woods,Montoya-Miller,Lyonsberg,Maldives,698-303-4267,203-287-1003,FALSE,kmercer@wagner.com,7/21/2020,http://murray.org/,
57,216E205d6eBb815,15,Carl,Schroeder,Carl Schroeder,"Oconnell, Meza and Everett",Shannonville,Guernsey,223-927-1999,114-336-0784,FALSE,kirksalas@webb.com,10/20/2021,https://simmons-hurley.com/,
58,889eCf90f68c5Da,15,Nicholas,Sosa,Nicholas Sosa,Jordan Ltd,South Hunter,Uruguay,450-037-0767,975-998-1519,FALSE,fwolfe@dorsey.com,8/10/2021,https://www.fleming-richards.com/,
59,B5acdFC982124F2,15,Danny,Parrish,Danny Parrish,Novak LLC,East Jaredbury,United Arab Emirates,669-384-8597,506-731-5952,FALSE,howelldarren@house-cohen.com,3/17/2021,http://www.parsons-hudson.com/,
60,09D7D7C8Fe09aea,15,Marcus,Moody,Marcus Moody,Giles Ltd,Kaitlyntown,Panama,171-716-2175,909-277-5485,FALSE,donnamullins@norris-barrett.org,5/24/2022,https://www.curry.com/,
61,37Ec4B395641c1E,15,Lori,Flowers,Lori Flowers,Decker-Mcknight,North Joeburgh,Namibia,020-324-2191,945-842-3659,FALSE,tyrone77@valenzuela.info,1/9/2021,http://www.deleon-crosby.com/,
62,A7F85c1DE4dB87f,15,Alejandro,Blair,Alejandro Blair,"Combs, Waller and Durham",Thomasland,Iceland,846-468-6834,555-509-8691,FALSE,elizabethbarr@ewing.com,9/19/2020,https://mercado-blevins.com/,
63,CC68FD1D3Bbbf22,15,Riley,Good,Riley Good,Wade PLC,Erikaville,Canada,423-098-0315,855-436-7641,FALSE,alex06@galloway.com,2/3/2020,http://conway.org/,
64,f3BEf3Be028166f,15,Robin,West,Robin West,"Nixon, Blackwell and Sosa",Wallstown,Ecuador,235-657-1073,683-837-7651,FALSE,greenemiranda@zimmerman.com,1/13/2022,https://www.mora.com/,
65,F8Aa9d6DfcBeeF8,15,Greg,Mata,Greg Mata,Valentine LLC,Lake Leslie,Mozambique,981-544-9452,195-156-1861,FALSE,jaredjuarez@carroll.org,3/26/2022,http://pitts-cherry.com/,
66,6e5ad5a5e2bB5Ca,15,Bryan,Dunn,Bryan Dunn,Kaufman and Sons,North Jimstad,Burkina Faso,158-951-4131,078-699-8982,FALSE,woodwardandres@phelps.com,9/8/2021,http://www.butler.com/,
67,7a1Ee69F4fF4B4D,15,Jordan,Gay,Jordan Gay,Glover and Sons,South Walter,Solomon Islands,497-829-9038,803-533-6772,FALSE,tiffanydavies@harris-mcfarland.org,2/24/2021,http://www.lee.org/,
68,E8E7e8Cfe516ef0,15,Hunter,Moreno,Hunter Moreno,Fitzpatrick-Lawrence,East Clinton,Isle of Man,215-801-6392,761-013-7121,FALSE,isaac26@benton-finley.com,12/28/2020,http://walls.info/,
69,Ebdb6F6F7c90b69,15,Kathleen,Mckay,Kathleen Mckay,"Coffey, Lamb and Johnson",Lake Janiceton,Saint Vincent and the Grenadines,585-606-2980,691-247-4128,FALSE,chloelester@higgins-wilkinson.com,9/12/2021,http://www.owens-mooney.com/,
70,8C2811a503C7c5a,15,Michelle,Gallagher,Michelle Gallagher,Beck-Hendrix,Elaineberg,Timor-Leste,027-846-3705,054-401-0347,FALSE,mdyer@escobar.net,11/8/2021,https://arias.com/,
71,8C2811a503C7c5a,15,Michelle,Gallagher,Michelle Gallagher,Beck-Hendrix,Elaineberg,Timor-Leste,697-774-5822,054-401-0347,FALSE,mdyer@escobar.net,11/8/2021,https://arias.com/,
72,F4Fc91fEAEad286,15,Brady,Cohen,Brady Cohen,Osborne-Erickson,North Eileenville,United Arab Emirates,078-900-4760,028-691-7497,FALSE,mccalltyrone@durham-rose.biz,3/10/2022,http://hammond-barron.com/,
73,3B5dAAFA41AFa22,15,Stefanie,Fitzpatrick,Stefanie Fitzpatrick,Santana-Duran,Acevedoville,Saint Vincent and the Grenadines,581-440-6539,472-021-4814,FALSE,wterrell@clark.com,7/30/2020,https://meyers.com/,
74,2354a0E336A91A1,15,Clarence,Haynes,Clarence Haynes,"Le, Nash and Cross",Judymouth,Honduras,927-965-8550,783-639-1472,FALSE,colleen91@faulkner.biz,3/11/2020,http://www.hatfield-saunders.net/,
75,6fEaA1b7cab7B6C,15,Faith,Lutz,Faith Lutz,Carter-Hancock,Burchbury,Singapore,874-617-5668,207-185-3665,FALSE,cassieparrish@blevins-chapman.net,1/26/2022,http://stevenson.org/,
76,A08A8aF8BE9FaD4,15,Kristine,Cox,Kristine Cox,Carpenter-Cook,Jodyberg,Sri Lanka,469-848-0724,315-627-1796,FALSE,holdenmiranda@clarke.com,2/8/2021,https://www.brandt.com/,
77,e898eEB1B9FE22b,15,Samuel,Crawford,Samuel Crawford,"May, Goodwin and Martin",South Jasmine,Algeria,768-182-6014,626-116-9535,FALSE,xpittman@ritter-carney.net,3/27/2021,https://guerrero.org/,
78,5Cef8BFA16c5e3c,15,Linda,Olsen,Linda Olsen,"Dominguez, Mcmillan and Donovan",Bensonview,Dominican Republic,050-136-9025,,FALSE,stanleyblackwell@benson.org,6/2/2020,http://www.good-lyons.com/,
79,78C06E9b6B3DF20,15,Chad,Davidson,Chad Davidson,Garcia-Jimenez,South Joshuashire,Oman,504-077-1311,804-842-4715,FALSE,justinwalters@jimenez.com,11/15/2021,http://www.garner-oliver.com/,
80,2f79Cd309624Abb,15,Natalie,Gentry,Natalie Gentry,Monroe PLC,West Darius,Dominican Republic,007-155-3406,499-122-5415,FALSE,tcummings@fitzpatrick-ashley.com,10/10/2020,http://www.dorsey.biz/,
81,a940cE42e035F28,15,Lynn,Pham,Lynn Pham,"Brennan, Camacho and Tapia",East Pennyshire,Portugal,690-068-4641,248-691-0006,FALSE,mpham@rios-guzman.com,8/21/2020,https://www.murphy.com/,
82,C2dE4dEEc489ae0,15,Sheryl,Meyers,Sheryl Meyers,Browning-Simon,Robersonstad,Cyprus,629-198-6346,448-910-2276,FALSE,mariokhan@ryan-pope.org,1/13/2020,https://www.bullock.net/,
83,A3F76Be153Df4a3,15,Anita,Benson,Anita Benson,Parrish Ltd,Skinnerport,Russian Federation,733-910-9968,399-820-6418,FALSE,angie04@oconnell.com,2/9/2020,http://oconnor.com/,
84,fD780ED8dbEae7B,15,Joanne,Montes,Joanne Montes,"Price, Sexton and Mcdaniel",Gwendolynview,Palau,733-833-6754,467-886-9467,FALSE,juan80@henson.net,7/1/2020,http://ochoa.com/,
85,F560f2d3cDFb618,15,Candice,Keller,Candice Keller,Huynh and Sons,East Summerstad,Zimbabwe,827-570-2958,243-038-4271,FALSE,buckleycory@odonnell.net,8/22/2020,https://www.lucero.com/,
86,a5DC21AE3a21eaA,15,Caroline,Foley,Caroline Foley,Winters-Mendoza,West Adriennestad,Western Sahara,439-242-4986,469-948-6341,FALSE,holtgwendolyn@watson-davenport.com,3/10/2021,http://www.benson-roth.com/,
87,e35426EbDEceaFF,15,Tracey,Mata,Tracey Mata,Graham-Francis,South Joannamouth,Togo,128-059-0206,855-713-8773,FALSE,alex56@walls.org,12/2/2021,http://www.beck.com/,
88,64DCcDFaB9DFd4e,15,Jack,Tate,Jack Tate,"Acosta, Petersen and Morrow",West Samuel,Zimbabwe,636-544-7783,046-906-1442,FALSE,gfigueroa@boone-zavala.com,9/15/2021,http://www.hawkins-ramsey.com/,
89,300A40d3ce24bBA,15,Geoffrey,Guzman,Geoffrey Guzman,Short-Wiggins,Zimmermanland,Uzbekistan,365-273-8144,983-188-6873,FALSE,bauercrystal@gay.com,4/23/2020,https://decker-kline.com/,
90,FCBdfCEAe20A8Dc,15,Chloe,Hutchinson,Chloe Hutchinson,Simon LLC,South Julia,Netherlands,114-854-1159,288-552-4666,FALSE,leah85@sutton-terrell.com,5/15/2022,https://mitchell.info/,
91,28CDbC0dFe4b1Db,15,Fred,Guerra,Fred Guerra,Schmitt-Jones,Ortegaland,Solomon Islands,679-415-1210,632-666-7507,FALSE,swagner@kane.org,9/18/2021,https://www.ross.com/,
92,636cBF0835E10ff,15,Eileen,Lynch,Eileen Lynch,"Knight, Abbott and Hubbard",Helenborough,Liberia,053-344-3205,673-779-6713,FALSE,levigiles@vincent.com,1/2/2021,http://mckay.com/,
93,6F94879bDAfE5a6,15,Roy,Berry,Roy Berry,Murillo-Perry,Isabelborough,Antigua and Barbuda,,496-978-3969,TRUE,beckycarr@hogan.com,3/25/2020,http://www.lawrence.com/,
94,98b3aeDcC3B9FF3,15,Shane,Foley,Shane Foley,Rocha-Hart,South Dannymouth,Hungary,404-645-5351,626-114-5844,FALSE,nsteele@sparks.com,7/6/2021,https://www.holt-sparks.com/,
95,Aa20BDe68eAb0e9,15,Gerald,Hawkins,Gerald Hawkins,"Phelps, Forbes and Koch",New Alberttown,Canada,158-687-1764,092-508-0269,FALSE,uwarner@steele-arias.com,3/19/2021,https://valenzuela.com/,
96,aA9BAFfBc3710fe,15,Faith,Moon,Faith Moon,"Waters, Chase and Aguilar",West Marthaburgh,Bahamas,084-845-9524,,FALSE,willistonya@randolph-baker.com,11/3/2021,https://spencer-charles.info/,
97,aEcbe5365BbC67D,15,Eddie,Jimenez,Eddie Jimenez,Caldwell Group,West Kristine,Ethiopia,188-169-1674,026-401-7353,FALSE,kristiwhitney@bernard.com,3/24/2022,http://cherry.com/,
98,b92EBfdF8a3f0E6,15,Frederick,Harper,Frederick Harper,"Hinton, Chaney and Stokes",South Marissatown,Switzerland,,264-742-7149,TRUE,jacobkhan@bright.biz,5/26/2022,https://callahan.org/,
99,CeD220bdAaCfaDf,15,Lynn,Atkinson,Lynn Atkinson,"Ware, Burns and Oneal",New Bradview,Sri Lanka,753-067-8419,605-413-3198,FALSE,vkemp@ferrell.com,7/10/2021,https://novak-allison.com/,
100,d40e89dCade7b2F,15,Debra,Riddle,Debra Riddle,"Chang, Aguirre and Leblanc",Colinhaven,United States Virgin Islands,530-311-9786,303-961-4491,FALSE,shieldskerry@robles.com,7/11/2020,http://kaiser.info/,
101,EDA69ca7a6e96a2,15,Kent,Bradshaw,Kent Bradshaw,Sawyer PLC,North Harold,Tanzania,753-813-6941,126-922-6153,FALSE,qjimenez@boyd.com,4/26/2020,http://maynard-ho.com/,
102,90fd72e7000afe8,15,Abbas,Sakaguchi,Abbas Sakaguchi,Shannon-Harmon,North York,Canada,991-312-0859,447-581-1695,FALSE,sakaguchiabbas@email.com,3/27/2021,https://curtis-archer.info/,
103,abbd6554000e979,15,Richard,Dorion,Richard Dorion,Wilkinson Inc,Montreal,Canada,841-655-9574,163-615-2531,FALSE,dorionrichard@email.com,3/1/2021,https://barr.org/,
104,bc885111000e913,15,Sanjay,Gougeon,Sanjay Gougeon,Reed-Duffy,Montreal,Canada,855-331-5303,007-978-8023,FALSE,gougeonsanjay@email.com,11/9/2020,https://chaney.info/,
105,0ee26c53000490f,15,Mohamed,Wright,Mohamed Wright,"Haynes, Combs and Murillo",Cambridge,Canada,976-946-9537,855-438-3570,FALSE,wrightmohamed@email.com,5/31/2021,https://www.moore.com/,
106,f4d6a1d4900000000000000,23,Marian,Roman,Marian Roman,Ballard-Wagner,Cambridge,Canada,200-514-1049,664-086-6720,FALSE,romanmarian@email.com,5/31/2021,https://myers.org/,
107,8fece657000194a,15,Qasim,McDiarmid,Qasim McDiarmid,Craig-Terrell,Cumberland,Canada,697-793-1252,715-480-1272,FALSE,mcdiarmidqasim@email.com,12/11/2020,https://www.kelly.com/,
108,c36893c1000539f,15,Anthony,Ouellet,Anthony Ouellet,Parker-Silva,Mont-Royal,Canada,423-840-8414,669-970-7521,FALSE,ouelletanthony@email.com,11/16/2021,https://www.park.com/,
109,566f70160006556,15,Bill,Luehof,Bill Luehof,Morgan LLC,North York,Canada,099-650-6578,938-824-8764,FALSE,luehofbill@email.com,5/31/2021,https://waller.com/,
110,d92186100008ce2,15,Tony,Allaire,Tony Allaire,"Allison, Ward and Lynn",St Bonaventure,Canada,462-834-1009,819-553-6170,FALSE,allairetony@email.com,3/31/2021,https://www.sanford.info/,
111,221e92a100080ab,15,Luc,Kither,Luc Kither,"Andersen, Gaines and Norman",ARMADALE,Australia,121-069-7901,012-717-5375,FALSE,kitherluc@email.com,11/30/2021,https://ellison-cobb.com/,
112,eed1ae96000fa18,15,Christian,Allison,Christian Allison,"Marshall, Warren and Holloway",Oakville,Canada,769-024-8085,959-534-1765,FALSE,allisonchristian@email.com,4/5/2021,https://gonzales.com/,
113,6ad04e08000ebe1,15,Ioan,Foo,Ioan Foo,Estes Ltd,Singapore 548241,Singapore,077-521-8857,491-663-4316,FALSE,fooioan@email.com,12/31/2020,https://lester.net/,
114,d96686ea000781c,15,Mohammed,Rasko,Mohammed Rasko,Fuller Ltd,Edmonton,Canada,338-335-9171,767-741-2616,FALSE,raskomohammed@email.com,8/17/2021,https://hardin.net/,
115,c63115f1000a01b,15,Henry,Johnston,Henry Johnston,"Werner, Best and Hurley",Guelph,Canada,017-947-6945,952-225-1045,FALSE,johnstonhenry@email.com,3/6/2021,https://bartlett.com/,
116,0d40f0af0008283,15,Maureen,Fleming,Maureen Fleming,"Rogers, Boyle and Farmer",Calgary,Canada,815-925-7175,616-615-9255,FALSE,flemingmaureen@email.com,7/29/2021,https://stephens.net/,
117,9124fb3400084fa,15,Michael,Tseng,Michael Tseng,Gonzalez-Hurley,Hsin-Chu 300,Taiwan,122-513-5302,296-634-2399,FALSE,tsengmichael@email.com,12/8/2021,https://www.mayo.com/,
118,caf92ade0000850,15,Michael,Longley,Michael Longley,Johnson Ltd,Newmarket,Canada,156-633-3743,549-475-9969,FALSE,longleymichael@email.com,10/31/2021,https://wood.org/,
119,736adf57000a794,15,Adil,Frank,Adil Frank,Dougherty LLC,D-97502 Euerbach,Germany,603-991-6573,566-074-0373,FALSE,frankadil@email.com,4/24/2021,https://www.goodman.com/,
120,c19b7e710009a36,15,Vanel,Arbuthnot,Vanel Arbuthnot,Lamb LLC,Toronto,Canada,627-385-1633,118-872-5638,FALSE,arbuthnotvanel@email.com,11/10/2020,https://www.mills.com/,
121,a3d5c8af000aad0,15,Lee,Blackwell,Lee Blackwell,Osborne Ltd,Ottawa,Canada,046-751-3833,323-710-2957,FALSE,blackwelllee@email.com,12/3/2020,https://perkins.net/,
122,e0a95b0d000ceda,15,Tania,Green,Tania Green,Price-Benton,Brockville,Canada,785-672-9623,350-407-8640,FALSE,greentania@email.com,12/31/2021,https://www.jenkins-harrison.net/,
123,55c42bc400074ba,15,Ron,Dickinson,Ron Dickinson,"Reynolds, Curtis and Lamb",300191 Tianjin,China,928-124-3993,999-745-4235,FALSE,dickinsonron@email.com,8/2/2021,https://gallagher-ellison.biz/,
124,f9e294cc00007ff,15,Elizabeth,Townsend,Elizabeth Townsend,Horne and Sons,Surrey,Canada,110-119-5793,564-069-5663,FALSE,townsendelizabeth@email.com,5/31/2021,https://knapp-mcpherson.com/,
125,ea11d1a7000d268,15,Danielle,Soong,Danielle Soong,"Kaufman, Rangel and Beck",Thornhill,Canada,319-180-7553,070-231-7216,FALSE,soongdanielle@email.com,9/30/2021,https://humphrey.com/,
126,dd156229000ec8e,15,Richard,Boswell,Richard Boswell,Vega Ltd,Sandton,South Africa,451-227-6682,624-936-0823,FALSE,boswellrichard@email.com,4/30/2021,https://kent.biz/,
127,2879a2c8000f44a,15,Donald,Maille,Donald Maille,Blankenship Group,Montreal,Canada,297-402-3698,385-207-6147,FALSE,mailledonald@email.com,6/28/2021,https://www.pacheco-hodges.org/,
128,5ae25f37000d7ca,15,Jean-Marc,Bowers,Jean-Marc Bowers,Colon-Drake,Walkerton,Canada,918-645-0324,196-586-9447,FALSE,bowersjean-marc@email.com,9/30/2021,https://www.serrano-lang.biz/,
129,d519ece50007544,15,Peter,Roberge,Peter Roberge,Rollins Ltd,Pointe-Claire,Canada,659-811-0503,830-120-2630,FALSE,robergepeter@email.com,6/30/2021,https://www.soto-rocha.com/,
130,e893530c000fe87,15,Ferdinando,Newton,Ferdinando Newton,"Malone, Rowland and Bullock",Roseneath,Canada,603-418-3398,489-980-5927,FALSE,newtonferdinando@email.com,7/17/2021,https://guerrero-horne.com/,
131,74091000000037ea,16,Peter,Cornelissen,Peter Cornelissen,Townsend-Weber,London,Canada,479-559-6654,834-594-5128,FALSE,cornelissenpeter@email.com,11/16/2021,https://mcintosh-bishop.com/,
132,5e62a87d000a62e,15,Shellie,Beaudoin,Shellie Beaudoin,Spears LLC,Boucherville,Canada,897-696-6031,273-443-5672,FALSE,beaudoinshellie@email.com,12/15/2020,https://www.underwood.com/,
133,9673307a000a4e1,15,Srikanth,Cowan,Srikanth Cowan,Holmes-Walls,Toronto,Canada,575-959-4454,913-040-5595,FALSE,cowansrikanth@email.com,12/18/2021,https://www.dean.biz/,
134,5531bb300007f00,15,Roger,Companys,Roger Companys,Huynh-Phillips,08029 Barcelona,Spain,397-504-3967,400-296-8618,FALSE,companysroger@email.com,5/31/2021,https://www.dalton.com/,
135,77d56dc6000df3f,15,Don,Gloutnay,Don Gloutnay,Cohen-Henderson,La Prairie,Canada,870-417-5661,793-402-5061,FALSE,gloutnaydon@email.com,10/31/2021,https://lynn.com/,
136,c041f3a80002bcd,15,Mohammed,Tardi,Mohammed Tardi,Bowen Inc,Coquitlam,Canada,366-661-5271,785-359-4718,FALSE,tardimohammed@email.com,9/19/2021,https://brown.biz/,
137,34d393c70009927,15,Michael,Alonso,Michael Alonso,"Hogan, Rice and Roy",28036 MADRID,Spain,380-617-7801,114-259-4382,FALSE,alonsomichael@email.com,3/13/2021,https://www.cooke.com/,
138,e04c0bb30004b2f,15,Charles,Legentil,Charles Legentil,Farrell-Bryan,Saint-Laurent,Canada,061-967-9081,0,FALSE,legentilcharles@email.com,6/30/2021,https://zamora-ross.org/,
139,58d415c10005606,15,Gordon,Fielenbach,Gordon Fielenbach,Boyer-Hart,D-79713 Bad Saeckingen,Germany,079-417-9763,729-401-8838,FALSE,fielenbachgordon@email.com,6/30/2021,https://estes.com/,
140,653b65850000ebb,15,Robert,Verwoerd,Robert Verwoerd,Glover-Roberts,6644 AZ Ewijk,Netherlands,236-969-0967,632-797-8496,FALSE,verwoerdrobert@email.com,3/14/2021,https://www.anthony-davis.info/,
141,e11b86c0000db6d,15,J Clark,Bruns,J Clark Bruns,Mckenzie-Simon,Cambridge,Canada,504-650-1379,471-229-8657,FALSE,brunsj clark@email.com,5/31/2021,https://www.barry.com/,
142,829a02b9000853b,15,Eriks,Desbiens,Eriks Desbiens,"Booker, Castillo and Beck",Chateauguay,Canada,996-187-8214,052-968-8180,FALSE,desbienseriks@email.com,3/31/2021,https://www.gutierrez.com/,
143,a036d28a000a18f,15,Bernard,Landry,Bernard Landry,Mercer-Booth,Montreal,Canada,907-325-7885,762-711-5467,FALSE,landrybernard@email.com,6/30/2021,https://www.wyatt.com/,
144,444ab7c00006b5b,15,Claude,Murphy,Claude Murphy,Thompson-Fritz,Mississauga,Canada,499-678-2793,516-823-2327,FALSE,murphyclaude@email.com,1/31/2021,https://www.velasquez-white.org/,
145,fd910dfc000fe37,15,Luc,L'Abbe,Luc L'Abbe,"Fleming, Zamora and Graham",Laval,Canada,333-046-0351,0,FALSE,labbeluc@email.com,10/1/2021,https://www.owen.org/,
146,1ed59315580000000,17,Jan,Bickle,Jan Bickle,Tanner-Richards,Ajax,Canada,678-518-4984,875-641-0333,FALSE,bicklejan@email.com,10/31/2021,https://www.richard-horne.biz/,
147,802cf12a0000000,15,Allen,Gravel,Allen Gravel,Navarro-Payne,Montreal,Canada,662-590-1788,143-161-4985,FALSE,gravelallen@email.com,5/14/2021,https://www.matthews-ware.com/,
148,0f4191f50001a19,15,Wally,Beaudoin,Wally Beaudoin,Conrad-Hanson,Saint-Laurent,Canada,815-244-2002,621-270-9355,FALSE,beaudoinwally@email.com,2/17/2021,https://www.donaldson-vega.com/,
149,644b65ec0000207,15,John,Livingstone,John Livingstone,Bernard and Sons,Kentville,Canada,256-921-9316,530-747-6571,FALSE,livingstonejohn@email.com,8/22/2021,https://www.barron.com/,
150,f8600df70007efc,15,Geoff,Dusome,Geoff Dusome,"Rodgers, Bullock and Daniels",Winnipeg,Canada,159-547-6407,166-934-2168,FALSE,dusomegeoff@email.com,10/31/2021,https://colon.com/,
151,18b264d1000f1ad,15,Roshni,Sauter Miller,Roshni Sauter Miller,"Schaefer, Hobbs and Wells",1000 San Jose,Costa Rica,912-173-7608,126-581-3225,FALSE,sauter millerroshni@email.com,10/30/2021,https://fritz-alexander.org/,
152,64bd482d00026a1,15,David,Silva,David Silva,Blackwell-Randall,6219 NT MAASSTRICHT,Netherlands,396-483-1471,496-386-6284,FALSE,silvadavid@email.com,10/31/2021,https://randolph-kane.biz/,
153,f60cc5bf0099000,15,Brian,Bergkamp,Brian Bergkamp,Perry and Sons,5685 BC BEST,Netherlands,241-537-5263,091-580-3447,FALSE,bergkampbrian@email.com,7/24/2021,https://murray.com/,
154,ed0cf8d1000c53c,15,Dean,Daamen,Dean Daamen,"Fleming, Johns and Morrow",3823 DP AMERSFOORT,Netherlands,807-797-8740,005-389-4368,FALSE,daamendean@email.com,7/15/2021,https://www.lin-flowers.com/,
155,9da119ea000772f,15,Lester,Bechte,Lester Bechte,Ingram-Murphy,30459 Hannover,Germany,159-731-3544,752-880-9590,FALSE,bechtelester@email.com,12/15/2020,https://booth.com/,
156,0fe160c1000f879,15,Reinaldo,Meyers,Reinaldo Meyers,"Parsons, Kerr and Robbins",Dhahran,Saudi Arabia,020-378-7777,551-426-3999,FALSE,meyersreinaldo@email.com,9/19/2021,https://www.austin.com/,
157,98a5c90d9000000000000000000000000000000000000000000000000000000000000,69,Linda,Peddie-Vasquez,Linda Peddie-Vasquez,"Ali, Woodward and Woodard",Orangeville,Canada,776-325-2657,793-131-4867,FALSE,peddie-vasquezlinda@email.com,2/27/2021,https://www.ayers-jensen.com/,
158,24016856000717b,15,Leigh,Remecki,Leigh Remecki,"Galloway, Owen and Ibarra",Mirabel,Canada,981-851-6829,443-349-2802,FALSE,remeckileigh@email.com,5/31/2021,https://castillo.com/,
159,dc0e4143000f2fb,15,Cornelis,Wesenberg,Cornelis Wesenberg,Zamora and Sons,Ottawa,Canada,578-124-7689,069-988-0883,FALSE,wesenbergcornelis@email.com,11/30/2020,https://moon-parsons.com/,
160,9e14707b0003fa8,15,Alan,Kaufman,Alan Kaufman,Francis-Kline,Kitchener,Canada,773-187-1234,070-346-3476,FALSE,kaufmanalan@email.com,1/8/2021,https://hooper-humphrey.com/,
161,c0ea20e20001ac0,15,John,Enns,John Enns,Jones and Sons,Calgary,Canada,219-079-3350,659-301-1825,FALSE,ennsjohn@email.com,4/24/2021,https://www.waller.com/,
162,d12ef2de0000497,15,Haruki,Myers,Haruki Myers,Montoya PLC,Mississauga,Canada,795-178-9635,470-901-6154,FALSE,myersharuki@email.com,6/30/2021,https://www.rosario.com/,
163,c1d1b405000f9d9,15,Phillipe,Homburg,Phillipe Homburg,Pugh-Odom,4002 GB TIEL,Netherlands,803-568-5156,534-578-6289,FALSE,homburgphillipe@email.com,5/16/2021,https://lawrence.biz/,
164,8bd37e2a000677c,15,Donald,Ulmer,Donald Ulmer,Rhodes-Carter,Kanata,Canada,575-649-9602,749-695-2828,FALSE,ulmerdonald@email.com,1/4/2021,https://kirk.org/,
165,40f11b990003093,15,Andre,Alarie,Andre Alarie,Estrada-Atkins,Saint-Romuald,Canada,797-490-4550,930-650-3473,FALSE,alarieandre@email.com,10/10/2021,https://www.boone.com/,
166,8a1fc335000a260,15,Ellen,Francis,Ellen Francis,Chan Ltd,Burnaby,Canada,174-469-3483,603-374-1226,FALSE,francisellen@email.com,11/30/2021,https://www.hess.net/,
167,92176bea0002197,15,Ramon,Drolet,Ramon Drolet,Harrell PLC,Saint-Francois-de-la-Rivere-du-Sud,Canada,073-458-6092,943-404-0481,FALSE,droletramon@email.com,1/27/2021,https://frazier-stephenson.org/,
168,794f3589000217f,15,Pierre,Belley,Pierre Belley,Mayer PLC,Montreal,Canada,220-915-3707,760-365-3897,FALSE,belleypierre@email.com,4/30/2021,https://nixon.com/,
169,930038f100003c6,15,Ron,Zimmermann,Ron Zimmermann,"Bautista, Blevins and Joyce",Chateauguay,Canada,134-470-3456,195-208-7749,FALSE,zimmermannron@email.com,8/26/2021,https://bean.net/,
170,087565d50002b82,15,Francisco,Aaram,Francisco Aaram,Mercer and Sons,1346 GJETTUM,Norway,337-643-5663,182-859-7395,FALSE,aaramfrancisco@email.com,1/31/2021,https://www.nixon.com/,
171,e65fb216000eeae,15,Bruce,Broker,Bruce Broker,Cardenas-Carney,5627 HC Eindhoven,Netherlands,437-970-3543,484-993-6871,FALSE,brokerbruce@email.com,3/14/2021,https://blackwell-stout.net/,
172,014b54260008083,15,Garry,Mercure,Garry Mercure,Garrett-Gallagher,Pierrefond,Canada,408-278-0968,526-729-4712,FALSE,mercuregarry@email.com,3/1/2021,https://www.ruiz.com/,
173,832d9d6e0005068,15,Howard,Paquin,Howard Paquin,"Keith, Howard and Hawkins",Ottawa,Canada,156-363-2974,101-514-2162,FALSE,paquinhoward@email.com,6/12/2021,https://www.livingston.com/,
174,ddad07cd000bdaf,15,Hamid,Hoon,Hamid Hoon,Huber-Castro,SINGAPORE,Singapore,632-700-4999,375-954-4398,FALSE,hoonhamid@email.com,6/28/2021,https://www.atkinson.net/,
175,b43e7a7e0006bc3,15,Marie,Cook,Marie Cook,Rose Ltd,Vancouver,Canada,499-415-9248,960-370-6804,FALSE,cookmarie@email.com,4/30/2021,https://www.glover.org/,
176,a8011022000e4a4,15,Robert,Faccone,Robert Faccone,Gentry-Waters,Dorval,Canada,894-188-0945,819-808-7937,FALSE,facconerobert@email.com,6/30/2021,https://jimenez.net/,
177,5a4c9388000920d,15,Dave,Wadsworth,Dave Wadsworth,Fisher PLC,Toronto,Canada,744-078-1419,463-492-5230,FALSE,wadsworthdave@email.com,10/22/2021,https://coffey.net/,
178,f50e89b6000091b,15,Ross,Di Mario,Ross Di Mario,"Thompson, Sellers and Lloyd",Stittsville,Canada,0,467-716-8716,FALSE,di marioross@email.com,4/30/2021,https://fernandez.com/,
179,f76520590006955,15,John,Hickey,John Hickey,"Rice, Gould and Mccall",Port Colborne,Canada,468-269-4682,655-716-4940,FALSE,hickeyjohn@email.com,10/31/2021,https://www.phillips.info/,
180,6cdf1e87000a826,15,Wilhelm,Shipley,Wilhelm Shipley,Cordova Group,Elmira,Canada,725-960-3587,611-044-7130,FALSE,shipleywilhelm@email.com,11/17/2021,https://www.jenkins-krueger.info/,
181,2b08fc73000525a,15,David,Desjardins,David Desjardins,Kramer-Parsons,Mont-Royal,Canada,836-038-9393,691-674-8671,FALSE,desjardinsdavid@email.com,3/19/2021,https://www.carr.org/,
182,af61adb9000da50,15,Brent,McAllister,Brent McAllister,Rice LLC,Niagara Falls,Canada,841-483-3064,274-619-0114,FALSE,mcallisterbrent@email.com,3/2/2021,https://monroe.info/,
